"","code","name","ROE_star","ROA_star","cashflow","liabilities"
"1","300001.SZ","特 锐 德",-7,-10,5.7878,75.4581
"2","300002.SZ","神州泰岳",-48,-38,9.2776,29.0779
"3","300003.SZ","乐普医疗",10,1,25.5307,49.7375
"4","300004.SZ","南风股份",-14,-13,15.4966,27.6513
"5","300005.SZ","探 路 者",-10,-11,2.5367,15.686
"6","300006.SZ","莱美药业",-25,-17,12.442,52.7699
"7","300007.SZ","汉威科技",-22,-13,17.8949,61.0523
"8","300008.SZ","天海防务",-77,-28,4.1864,80.0823
"9","300009.SZ","安科生物",-10,-9,17.2626,16.3097
"10","300010.SZ","立 思 辰",-14,-12,10.8843,53.215
"11","300011.SZ","鼎汉技术",-13,-11,6.7132,46.0543
"12","300012.SZ","华测检测",1,-1,24.9796,27.6449
"13","300013.SZ","新宁物流",-67,-38,0.452,56.6868
"14","300014.SZ","亿纬锂能",12,-1,17.7588,52.6728
"15","300015.SZ","爱尔眼科",7,4,20.8049,40.9594
"16","300016.SZ","北陆药业",11,13,19.1436,10.6731
"17","300017.SZ","网宿科技",-15,-14,10.1639,16.4477
"18","300018.SZ","中元股份",-10,-11,22.3432,11.4131
"19","300019.SZ","硅宝科技",1,0,8.0216,22.1538
"20","300020.SZ","银江股份",-10,-10,-5.7746,47.2145
"21","300021.SZ","大禹节水",-6,-8,-8.3679,58.977
"22","300022.SZ","吉峰科技",-110,-17,-4.1954,83.6543
"23","300023.SZ","宝德股份",-94,-30,408.286,16.4403
"24","300024.SZ","机 器 人",-10,-10,0.2407,33.8941
"25","300025.SZ","华星创业",-50,-23,13.2512,70.2726
"26","300026.SZ","红日药业",-9,-8,4.3195,16.0949
"27","300027.SZ","华谊兄弟",-76,-38,4.1326,54.5096
"28","300028.SZ","金 亚 退",-45,-34,-93.5276,39.2794
"29","300029.SZ","天龙光电",-108,-69,-66.0679,55.1699
"30","300030.SZ","阳普医疗",-12,-10,8.5491,44.3682
"31","300031.SZ","宝通科技",-3,-5,15.2907,34.3241
"32","300032.SZ","金龙机电",-12,-12,8.0928,38.7263
"33","300033.SZ","同 花 顺",9,4,69.9778,23.7954
"34","300034.SZ","钢研高纳",-7,-6,7.4574,31.5015
"35","300035.SZ","中科电气",-5,-6,1.2024,30.2484
"36","300036.SZ","超图软件",-4,-6,12.6821,30.628
"37","300037.SZ","新 宙 邦",-4,-6,24.137,32.3914
"38","300038.SZ","数知科技",-10,-9,-1.9544,24.5577
"39","300039.SZ","上海凯宝",-5,-4,23.5433,9.6045
"40","300040.SZ","九洲电气",-12,-11,7.0964,58.4717
"41","300041.SZ","回天新材",-6,-6,11.7595,37.5107
"42","300042.SZ","朗科科技",-8,-6,-9.0302,7.4606
"43","300043.SZ","星辉娱乐",-6,-6,31.6032,48.6492
"44","300044.SZ","赛为智能",-38,-23,28.4488,61.8341
"45","300045.SZ","华力创通",-23,-20,4.7414,26.0324
"46","300046.SZ","台基股份",-44,-37,6.0283,24.1351
"47","300047.SZ","天源迪科",-11,-9,-8.1078,42.5748
"48","300048.SZ","合康新能",-14,-13,23.0077,38.073
"49","300049.SZ","福瑞股份",-12,-8,30.8062,31.0486
"50","300050.SZ","世纪鼎利",-33,-27,1.6088,27.5234
"51","300051.SZ","三五互联",-72,-38,18.1673,61.3063
"52","300052.SZ","中 青 宝",-8,-9,0.6554,41.4575
"53","300053.SZ","欧 比 特",-23,-20,9.7971,25.8587
"54","300054.SZ","鼎龙股份",-14,-13,17.1993,7.2102
"55","300055.SZ","万 邦 达",-14,-15,7.6802,18.8362
"56","300056.SZ","中创环保",-17,-14,13.2629,43.1022
"57","300057.SZ","万顺新材",-11,-11,4.7186,50.1998
"58","300058.SZ","蓝色光标",-6,-8,2.4883,53.6674
"59","300059.SZ","东方财富",-5,-10,276.9863,65.693
"60","300061.SZ","旗天科技",-13,-12,10.9412,28.8735
"61","300062.SZ","中能电气",-12,-12,7.592,62.5684
"62","300063.SZ","天龙集团",-8,-9,-0.3031,58.5791
"63","300064.SZ","豫金刚石",-135,-74,-106.2826,76.4666
"64","300065.SZ","海 兰 信",-9,-9,-4.9319,18.9116
"65","300066.SZ","三川智慧",-4,-3,1.6237,14.4478
"66","300067.SZ","安 诺 其",-5,-4,11.5956,15.8334
"67","300068.SZ","南都电源",-9,-11,3.1252,51.9
"68","300069.SZ","金利华电",-10,-8,28.2146,35.1107
"69","300070.SZ","碧 水 源",-8,-10,27.1024,65.7033
"70","300071.SZ","华谊嘉信",-5,-9,4.7857,93.4305
"71","300072.SZ","三聚环保",-14,-12,41.8834,46.8912
"72","300073.SZ","当升科技",-22,-19,15.2099,25.4019
"73","300074.SZ","华平股份",-13,-13,0.1357,20.1722
"74","300075.SZ","数字政通",-9,-10,14.6149,23.9331
"75","300076.SZ","GQY 视讯",-13,-15,-12.6319,6.9517
"76","300077.SZ","国民技术",-6,-8,-17.8297,45.9972
"77","300078.SZ","思创医惠",-9,-9,0.2552,30.3102
"78","300079.SZ","数码科技",-13,-13,72.0439,12.9133
"79","300080.SZ","易成新能",5,1,18.5203,38.5451
"80","300081.SZ","恒信东方",-13,-11,-22.9902,17.149
"81","300082.SZ","奥克股份",-4,-5,19.8583,29.9197
"82","300083.SZ","劲胜智能",-15,-12,-5.9732,62.2
"83","300084.SZ","海默科技",-13,-11,4.9962,38.7777
"84","300085.SZ","银 之 杰",-15,-13,-4.5237,34.3898
"85","300086.SZ","康芝药业",-17,-14,4.4683,27.0046
"86","300087.SZ","荃银高科",0,-9,1.11,62.7548
"87","300088.SZ","长信科技",0,-2,24.6146,29.3548
"88","300089.SZ","文化长城",-13,-10,-5.0565,83.6352
"89","300090.SZ","盛运环保",106,-31,56.1254,141.1521
"90","300091.SZ","金 通 灵",-11,-11,0.5667,58.0319
"91","300092.SZ","科新机电",-7,-9,22.3746,39.5454
"92","300093.SZ","金刚玻璃",-28,-20,44.8616,50.575
"93","300094.SZ","国联水产",-37,-22,-1.6334,53.6193
"94","300095.SZ","华伍股份",-8,-7,5.2295,46.0192
"95","300096.SZ","易 联 众",-14,-10,6.6926,49.2816
"96","300097.SZ","智云股份",-59,-46,4.4942,33.9201
"97","300098.SZ","高 新 兴",-38,-29,-7.1207,41.9981
"98","300099.SZ","精准信息",-11,-11,37.4772,11.7478
"99","300100.SZ","双林股份",-57,-26,11.6654,71.0248
"100","300101.SZ","振芯科技",-15,-14,-9.0832,32.8631
"101","300102.SZ","乾照光电",-25,-18,25.863,62.2899
"102","300103.SZ","达刚控股",-10,-6,8.8516,41.5453
"103","300104.SZ","乐 视 退",115,-165,-33.1189,351.2951
"104","300105.SZ","龙源技术",-14,-14,3.0973,12.2292
"105","300106.SZ","西部牧业",-25,-18,3.3459,39.4957
"106","300107.SZ","建新股份",5,5,41.625,5.0781
"107","300108.SZ","吉药控股",-152,-53,19.9557,87.3196
"108","300109.SZ","新 开 源",-9,-8,8.6149,27.2619
"109","300110.SZ","华仁药业",-13,-11,21.159,17.0392
"110","300111.SZ","向 日 葵",-108,-20,6.9931,75.2536
"111","300112.SZ","万讯自控",-8,-8,12.7381,18.812
"112","300113.SZ","顺网科技",-12,-10,17.6216,22.7555
"113","300114.SZ","中航电测",-1,-4,20.9793,33.0304
"114","300115.SZ","长盈精密",-13,-11,9.5111,53.6182
"115","300116.SZ","坚瑞沃能",57,-4,-0.1132,54.9374
"116","300117.SZ","嘉寓股份",-13,-11,-3.3636,77.2147
"117","300118.SZ","东方日升",-3,-8,18.1146,63.4196
"118","300119.SZ","瑞普生物",-6,-5,26.1567,33.8496
"119","300120.SZ","经纬辉开",-9,-9,5.4762,31.1074
"120","300121.SZ","阳谷华泰",-4,-3,11.6253,21.6033
"121","300122.SZ","智飞生物",33,18,12.9116,47.4766
"122","300123.SZ","亚光科技",-9,-10,13.2362,33.6704
"123","300124.SZ","汇川技术",-2,-5,18.4183,39.968
"124","300125.SZ","聆达股份",-13,-11,23.8496,33.9375
"125","300126.SZ","锐奇股份",-14,-13,9.343,18.0219
"126","300127.SZ","银河磁体",-3,-3,23.4693,5.7446
"127","300128.SZ","锦富技术",-14,-13,8.693,50.1933
"128","300129.SZ","泰胜风能",-8,-9,14.5716,45.6626
"129","300130.SZ","新 国 都",-4,-7,7.0632,27.2645
"130","300131.SZ","英唐智控",-13,-8,8.342,66.4154
"131","300132.SZ","青松股份",7,5,23.2533,32.1485
"132","300133.SZ","华策影视",-39,-26,47.3725,46.2649
"133","300134.SZ","大富科技",-22,-20,24.9603,19.55
"134","300135.SZ","宝利国际",-12,-10,6.6038,56.5307
"135","300136.SZ","信维通信",9,2,13.1953,43.1065
"136","300137.SZ","先河环保",-1,-2,25.6651,17.0747
"137","300138.SZ","晨光生物",-4,-7,-0.7456,61.3701
"138","300139.SZ","晓程科技",-26,-23,-13.4927,18.6499
"139","300140.SZ","中环装备",-17,-13,-15.8722,62.7222
"140","300141.SZ","和顺电气",-14,-13,9.794,44.3858
"141","300142.SZ","沃森生物",-12,-11,5.5312,19.2621
"142","300143.SZ","盈康生命",-57,-42,5.1978,30.13
"143","300144.SZ","宋城演艺",0,1,60.1685,10.4943
"144","300145.SZ","中金环境",-15,-12,16.1338,52.1356
"145","300146.SZ","汤臣倍健",-21,-19,29.2014,28.8009
"146","300147.SZ","香雪制药",-13,-11,2.9797,48.9321
"147","300148.SZ","天舟文化",-14,-13,7.0557,17.2211
"148","300149.SZ","量子生物",-9,-9,16.1971,38.8663
"149","300150.SZ","世纪瑞尔",-10,-9,3.0602,14.0636
"150","300151.SZ","昌红科技",-8,-8,16.8123,16.4872
"151","300152.SZ","科融环境",-14,-13,6.8812,51.065
"152","300153.SZ","科泰电源",-15,-14,2.404,40.7986
"153","300154.SZ","瑞凌股份",-8,-8,19.6226,13.4969
"154","300155.SZ","安 居 宝",-9,-9,14.5279,21.6099
"156","300157.SZ","恒泰艾普",-50,-33,-4.3876,32.2993
"157","300158.SZ","振东制药",-12,-11,4.2365,21.3172
"158","300159.SZ","新研股份",-53,-36,-5.7355,42.0946
"159","300160.SZ","秀强股份",-2,-8,18.6635,41.3882
"160","300161.SZ","华中数控",-14,-12,-0.8506,44.3547
"161","300162.SZ","雷曼光电",-11,-11,4.1484,32.4715
"162","300163.SZ","先锋新材",-6,-7,1.6021,28.23
"163","300164.SZ","通源石油",-12,-11,10.9274,36.5718
"164","300165.SZ","天瑞仪器",-14,-12,2.1572,21.5814
"165","300166.SZ","东方国信",-5,-5,15.7355,15.2795
"166","300167.SZ","迪 威 迅",-12,-9,24.2715,43.5568
"167","300168.SZ","万达信息",-58,-30,7.8454,61.7534
"168","300169.SZ","天晟新材",-42,-26,-2.6809,50.235
"169","300170.SZ","汉得信息",-12,-12,2.4329,26.9461
"170","300171.SZ","东 富 龙",-10,-10,19.7132,37.7454
"171","300172.SZ","中电环保",-5,-7,7.9279,38.9722
"172","300173.SZ","智慧松德",-34,-21,15.6244,53.0241
"173","300174.SZ","元力股份",-7,-8,1.1494,36.0434
"174","300175.SZ","朗源股份",-11,-11,4.1356,33.6593
"175","300176.SZ","派生科技",-53,-30,-0.5406,57.2677
"176","300177.SZ","中 海 达",-24,-18,4.2082,35.043
"177","300178.SZ","腾邦国际",-90,-33,-16.2991,79.4036
"178","300179.SZ","四 方 达",-2,-3,31.3805,20.9458
"179","300180.SZ","华峰超纤",-12,-11,23.3851,37.4174
"180","300181.SZ","佐力药业",-13,-12,14.1514,31.349
"181","300182.SZ","捷成股份",-43,-29,52.81,41.6276
"182","300183.SZ","东软载波",-8,-8,43.0452,9.3899
"183","300184.SZ","力源信息",-11,-9,2.0199,27.9687
"184","300185.SZ","通裕重工",-11,-9,8.554,55.2935
"185","300187.SZ","永清环保",-11,-12,22.2217,41.3976
"186","300188.SZ","美亚柏科",-4,-6,19.161,28.9441
"187","300189.SZ","神农科技",-42,-40,-98.9008,6.8907
"188","300190.SZ","维 尔 利",-7,-9,7.1579,50.5312
"189","300191.SZ","潜能恒信",-13,-12,-39.1885,31.8036
"190","300192.SZ","科斯伍德",-5,-1,25.4801,39.4345
"191","300193.SZ","佳士科技",-6,-7,22.4861,14.5813
"192","300194.SZ","福安药业",-7,-7,10.6313,15.7643
"193","300195.SZ","长荣股份",-37,-26,3.5653,44.6385
"194","300196.SZ","长海股份",-4,-4,17.157,14.2466
"195","300197.SZ","铁汉生态",-30,-15,21.5752,76.4752
"196","300198.SZ","纳川股份",4,-3,6.7191,55.1483
"197","300199.SZ","翰宇药业",-46,-30,17.0365,52.7364
"198","300200.SZ","高盟新材",-3,-3,32.0951,12.7175
"199","300201.SZ","海 伦 哲",-12,-12,9.3587,52.5936
"200","300202.SZ","聚龙股份",-13,-11,7.7163,25.0293
"201","300203.SZ","聚光科技",-14,-10,12.9558,53.8441
"202","300204.SZ","舒 泰 神",-14,-13,6.7033,12.1983
"203","300205.SZ","天喻信息",-1,-5,12.7356,46.6214
"204","300206.SZ","理邦仪器",-5,-5,10.1465,13.2525
"205","300207.SZ","欣 旺 达",-2,-9,2.947,74.5913
"206","300208.SZ","青岛中程",-28,-19,-112.0911,67.2423
"207","300209.SZ","天泽信息",-11,-10,2.581,26.3471
"208","300210.SZ","森远股份",-46,-29,-17.2585,51.6032
"209","300211.SZ","亿通科技",-14,-14,77.8543,8.3768
"210","300212.SZ","易 华 录",-3,-8,6.1658,69.7864
"211","300213.SZ","佳讯飞鸿",-7,-8,13.4751,33.8281
"212","300214.SZ","日科化学",-4,-1,5.6293,15.3946
"213","300215.SZ","电 科 院",-7,-8,61.5512,41.8245
"214","300216.SZ","千山药机",21,-30,1.0163,212.8303
"215","300217.SZ","东方电热",-20,-17,2.8913,41.4304
"216","300218.SZ","安利股份",-8,-9,9.4918,44.1049
"217","300219.SZ","鸿利智汇",-53,-36,21.9182,48.346
"218","300220.SZ","金运激光",-9,-10,11.4437,28.7359
"219","300221.SZ","银禧科技",-14,-13,4.2008,30.0713
"220","300222.SZ","科大智能",-97,-50,-0.7854,68.6516
"221","300223.SZ","北京君正",-10,-9,4.475,5.6591
"222","300224.SZ","正海磁材",-11,-12,3.6203,26.5295
"223","300225.SZ","金 力 泰",-12,-11,8.0349,20.1988
"224","300226.SZ","上海钢联",2,-10,-0.5207,73.7364
"225","300227.SZ","光 韵 达",-7,-7,12.5625,35.1421
"226","300228.SZ","富瑞特装",-35,-22,21.0883,59.711
"227","300229.SZ","拓 尔 思",-7,-8,22.8993,26.6144
"228","300230.SZ","永利股份",-7,-6,15.4313,28.5112
"229","300231.SZ","银信科技",-5,-5,9.5233,50.6739
"230","300232.SZ","洲明科技",5,-4,8.3552,58.8403
"231","300233.SZ","金城医药",-10,-8,20.6805,26.9572
"232","300234.SZ","开尔新材",-9,-8,-1.431,28.7437
"233","300235.SZ","方直科技",-10,-10,22.2763,4.469
"234","300236.SZ","上海新阳",0,1,5.8693,18.6049
"235","300237.SZ","美晨生态",-13,-11,2.1239,64.7475
"236","300238.SZ","冠昊生物",-65,-48,21.1346,38.736
"237","300239.SZ","东宝生物",-11,-11,-8.4651,24.5356
"238","300240.SZ","飞 力 达",-12,-10,1.7764,47.3122
"239","300241.SZ","瑞丰光电",-25,-20,13.5786,43.7505
"240","300242.SZ","佳云科技",-14,-11,3.1885,57.0825
"241","300243.SZ","瑞丰高材",-3,-4,10.0826,35.4645
"242","300244.SZ","迪安诊断",-6,-5,5.716,52.2029
"243","300245.SZ","天玑科技",-13,-13,11.7821,9.0095
"244","300246.SZ","宝 莱 特",-3,-4,9.8583,39.0672
"245","300247.SZ","融捷健康",-73,-60,13.7044,21.5074
"246","300248.SZ","新 开 普",-5,-6,18.1819,24.0399
"247","300249.SZ","依 米 康",-15,-13,2.9419,65.1953
"248","300250.SZ","初灵信息",-11,-11,10.3765,13.9878
"249","300251.SZ","光线传媒",-4,-4,57.2214,18.2977
"250","300252.SZ","金 信 诺",-12,-11,11.3295,53.2317
"251","300253.SZ","卫宁健康",-3,-5,12.2275,23.6537
"252","300254.SZ","仟源医药",-14,-13,6.1523,48.2471
"253","300255.SZ","常山药业",-6,-6,-2.8061,30.9522
"254","300256.SZ","星星科技",-5,-11,1.9684,66.5862
"255","300257.SZ","开山股份",-11,-11,1.1023,55.9671
"256","300258.SZ","精锻科技",-6,-6,37.7604,37.7148
"257","300259.SZ","新天科技",-2,-2,20.8161,19.4196
"258","300260.SZ","新莱应材",-7,-9,6.5049,64.887
"259","300261.SZ","雅本化学",-11,-10,5.6564,41.9517
"260","300262.SZ","巴安水务",-12,-10,-10.2086,59.7961
"261","300263.SZ","隆华科技",-8,-8,13.7895,35.6425
"262","300264.SZ","佳创视讯",-52,-38,18.8172,36.7187
"263","300265.SZ","通光线缆",-12,-10,11.0437,54.9537
"264","300266.SZ","兴源环境",-14,-12,4.6463,73.5324
"265","300267.SZ","尔康制药",-12,-11,16.2449,5.7085
"266","300268.SZ","佳沃股份",-96,-14,7.2959,93.8324
"267","300269.SZ","联建光电",-123,-47,4.0519,79.9352
"268","300270.SZ","中威电子",-24,-21,-35.9917,30.0297
"269","300271.SZ","华宇软件",-4,-5,13.4783,17.9877
"270","300272.SZ","开能健康",-6,-3,10.8689,37.6831
"271","300273.SZ","和佳医疗",-13,-11,0.9595,58.0511
"272","300274.SZ","阳光电源",-4,-9,19.0753,61.6339
"273","300275.SZ","梅 安 森",-10,-11,9.6993,33.4548
"274","300276.SZ","三丰智能",-7,-8,6.0296,32.7014
"275","300277.SZ","海 联 讯",-13,-12,27.787,40.5299
"276","300278.SZ","华 昌 达",-170,-51,-1.1212,90.3357
"277","300279.SZ","和晶科技",-14,-11,1.4657,62.4638
"278","300280.SZ","紫天科技",-4,2,32.9202,20.2323
"279","300281.SZ","金明精机",-13,-11,8.041,18.2032
"280","300282.SZ","三盛教育",-15,-13,22.5203,14.2501
"281","300283.SZ","温州宏丰",-11,-10,3.2184,57.5006
"282","300284.SZ","苏 交 科",1,-6,11.4729,61.4501
"283","300285.SZ","国瓷材料",0,0,22.4915,17.7025
"284","300286.SZ","安 科 瑞",0,-3,27.2028,32.3436
"285","300287.SZ","飞 利 信",-14,-13,20.218,23.4567
"286","300288.SZ","朗玛信息",-10,-10,23.1926,23.7308
"287","300289.SZ","利 德 曼",-15,-12,24.1968,15.4114
"288","300290.SZ","荣科科技",-11,-11,11.0951,31.3974
"289","300291.SZ","华录百纳",-11,-10,18.0573,5.7133
"290","300292.SZ","吴通控股",-11,-9,-0.4672,39.9777
"291","300293.SZ","蓝英装备",-13,-12,-1.6046,59.0957
"292","300294.SZ","博雅生物",-4,-4,-3.9368,24.1236
"293","300295.SZ","三六五网",-7,-7,-1.4207,45.6334
"294","300296.SZ","利 亚 德",-6,-7,10.0937,45.326
"295","300297.SZ","蓝盾股份",-38,-22,-15.0283,53.6502
"296","300298.SZ","三诺生物",-5,-5,29.4008,19.2767
"297","300299.SZ","富春股份",-79,-42,22.2666,64.2084
"298","300300.SZ","汉鼎宇佑",-56,-42,-11.5128,39.4378
"299","300301.SZ","长方集团",-46,-26,7.6183,63.4022
"300","300302.SZ","同有科技",-14,-13,-4.602,24.7199
"301","300303.SZ","聚飞光电",0,-4,19.8715,46.3453
"302","300304.SZ","云意电气",-8,-7,21.9465,22.5469
"303","300305.SZ","裕兴股份",-9,-8,16.4664,13.6319
"304","300306.SZ","远方信息",-6,-6,40.2964,11.6753
"305","300307.SZ","慈星股份",-39,-32,5.1364,18.8455
"306","300308.SZ","中际旭创",-6,-7,11.9692,33.9805
"307","300309.SZ","吉艾科技",-108,-33,5.3844,88.5989
"308","300310.SZ","宜通世纪",-13,-14,9.7084,31.6426
"309","300311.SZ","任 子 行",-24,-19,0.356,41.0895
"310","300312.SZ","邦讯技术",-9,-11,37.9808,79.4634
"311","300313.SZ","天山生物",-49,-18,-15.256,87.1657
"312","300314.SZ","戴维医疗",-7,-7,24.8546,14.1202
"313","300315.SZ","掌趣科技",-8,-8,31.8424,7.354
"314","300316.SZ","晶盛机电",0,-4,25.0438,40.0142
"315","300317.SZ","珈伟新能",-59,-31,46.497,55.4858
"316","300318.SZ","博晖创新",-15,-12,-5.7337,60.9536
"317","300319.SZ","麦捷科技",-13,-11,13.2209,37.0316
"318","300320.SZ","海达股份",-1,-4,9.133,39.244
"319","300321.SZ","同大股份",-9,-9,23.837,14.3493
"320","300322.SZ","硕 贝 德",0,-7,9.4149,60.9873
"321","300323.SZ","华灿光电",-35,-22,15.2431,58.4419
"322","300324.SZ","旋极信息",-10,-10,19.8192,32.7555
"323","300325.SZ","德威新材",-69,-30,-58.36,68.9155
"324","300326.SZ","凯 利 泰",-3,-4,20.9123,27.0045
"325","300327.SZ","中颖电子",6,3,26.3215,17.2951
"326","300328.SZ","宜安科技",-7,-9,10.5018,27.9841
"327","300329.SZ","海伦钢琴",-9,-10,-7.6629,22.1252
"328","300330.SZ","华虹计通",-14,-13,29.0089,37.7919
"329","300331.SZ","苏大维格",-8,-8,4.1608,37.5757
"330","300332.SZ","天壕环境",-14,-11,26.5088,55.0191
"331","300333.SZ","兆日科技",-13,-9,3.3566,3.9899
"332","300334.SZ","津膜科技",-81,-45,24.0972,55.0232
"333","300335.SZ","迪森股份",-9,-8,29.3486,46.518
"334","300336.SZ","新 文 化",-53,-38,11.5281,37.404
"335","300337.SZ","银邦股份",-14,-11,-7.216,52.1533
"336","300338.SZ","开元股份",-50,-36,11.1162,33.1277
"337","300339.SZ","润和软件",-63,-45,5.179,39.0971
"338","300340.SZ","科恒股份",-13,-12,17.4467,56.5101
"339","300341.SZ","麦克奥迪",1,-2,15.1906,33.6016
"340","300342.SZ","天银机电",-5,-5,5.3052,22.7108
"341","300343.SZ","联创股份",-109,-53,3.2247,71.1725
"342","300344.SZ","太空智造",-12,-11,14.8342,39.5427
"343","300345.SZ","红宇新材",-5,-5,45.2838,13.9129
"344","300346.SZ","南大光电",-10,-10,86.7014,37.9469
"345","300347.SZ","泰格医药",9,5,18.8191,26.6972
"346","300348.SZ","长亮科技",-5,-6,8.3003,31.7324
"347","300349.SZ","金卡智能",-3,-4,22.7496,24.686
"348","300350.SZ","华 鹏 飞",-89,-39,20.8355,58.4562
"349","300351.SZ","永贵电器",-35,-30,-1.2661,20.2003
"350","300352.SZ","北 信 源",-14,-13,-12.7202,19.6111
"351","300353.SZ","东土科技",-37,-27,4.4588,47.0215
"352","300354.SZ","东华测试",-7,-6,10.4793,9.6357
"353","300355.SZ","蒙草生态",-13,-12,-15.5057,66.9551
"354","300356.SZ","光一科技",-13,-11,52.867,38.3476
"355","300357.SZ","我武生物",12,12,36.4315,5.3391
"356","300358.SZ","楚天科技",-13,-13,14.3123,46.2798
"357","300359.SZ","全通教育",-86,-54,24.3299,47.4143
"358","300360.SZ","炬华科技",-4,-6,22.7896,18.3938
"359","300362.SZ","天翔环境",217,-45,-4.7611,140.5677
"360","300363.SZ","博腾股份",-9,-9,22.6503,22.5298
"361","300364.SZ","中文在线",-49,-41,4.8511,21.3283
"362","300365.SZ","恒华科技",0,-2,-5.6557,23.9024
"363","300366.SZ","创意信息",-10,-10,-1.6682,37.0545
"364","300367.SZ","东方网力",-150,-63,-157.088,81.0543
"365","300368.SZ","汇金股份",-10,-8,-15.8749,50.891
"366","300369.SZ","绿盟科技",-8,-8,20.706,17.1466
"367","300370.SZ","安控科技",-15,-11,18.1062,70.2243
"368","300371.SZ","汇中股份",1,3,27.6874,13.5315
"369","300373.SZ","扬杰科技",-6,-7,18.5386,25.2537
"370","300374.SZ","恒通科技",-11,-10,25.5003,47.432
"371","300375.SZ","鹏翎股份",-8,-8,9.0506,24.9062
"372","300376.SZ","易 事 特",-7,-8,-12.263,56.5386
"373","300377.SZ","赢 时 胜",-10,-10,19.0041,9.5991
"374","300378.SZ","鼎捷软件",-7,-8,16.2713,37.8394
"375","300379.SZ","东 方 通",-6,-6,17.5186,23.2314
"376","300380.SZ","安硕信息",-8,-9,6.7115,25.6336
"377","300381.SZ","溢 多 利",-9,-8,21.5887,39.6036
"378","300382.SZ","斯 莱 克",-5,-7,19.6246,48.4777
"379","300383.SZ","光环新网",-5,-5,8.4959,31.7799
"380","300384.SZ","三联虹普",-4,-6,19.5278,34.9312
"381","300385.SZ","雪浪环境",-7,-9,9.1281,59.8159
"382","300386.SZ","飞天诚信",-10,-9,12.6814,7.8572
"383","300387.SZ","富邦股份",-10,-9,14.8204,21.424
"384","300388.SZ","国祯环保",-3,-9,19.3492,74.1021
"385","300389.SZ","艾 比 森",-7,-8,13.6899,43.0152
"386","300390.SZ","天华超净",-8,-7,19.4183,21.7259
"387","300391.SZ","康跃科技",-76,-51,3.0748,50.6316
"388","300392.SZ","腾信股份",-8,-5,-12.5505,66.2267
"389","300393.SZ","中来股份",-6,-8,3.1819,59.2714
"390","300394.SZ","天孚通信",0,1,33.8189,12.8818
"391","300395.SZ","菲 利 华",-2,-2,27.1656,11.9303
"392","300396.SZ","迪瑞医疗",1,1,28.8566,15.8817
"393","300397.SZ","天和防务",-7,-3,9.351,29.4951
"394","300398.SZ","飞凯材料",-4,-6,12.3759,47.7042
"395","300399.SZ","京 天 利",-11,-9,-3.871,10.145
"396","300400.SZ","劲拓股份",-11,-12,-6.2615,49.3413
"397","300401.SZ","花园生物",6,7,51.0223,16.1845
"398","300402.SZ","宝色股份",-10,-11,1.4054,62.3322
"399","300403.SZ","汉宇集团",-3,-4,24.417,16.5156
"400","300404.SZ","博济医药",-13,-12,0.0383,27.959
"401","300405.SZ","科隆股份",-14,-12,14.5738,49.8182
"402","300406.SZ","九强生物",3,5,22.4298,8.4997
"403","300407.SZ","凯发电气",-9,-10,13.0407,47.912
"404","300408.SZ","三环集团",-3,-2,62.8898,12.3868
"405","300409.SZ","道氏技术",-14,-12,34.8496,44.3619
"406","300410.SZ","正业科技",-77,-47,-6.5604,60.8257
"407","300411.SZ","金盾股份",-12,-9,-20.3764,21.553
"408","300412.SZ","迦南科技",-9,-9,5.903,44.6987
"409","300413.SZ","芒果超媒",1,-6,2.3428,48.3555
"410","300414.SZ","中光防雷",-9,-9,5.1533,13.1036
"411","300415.SZ","伊 之 密",1,-5,14.2254,54.4205
"412","300416.SZ","苏试试验",-4,-7,10.5176,58.4023
"413","300417.SZ","南华仪器",33,31,37.9844,24.0843
"414","300418.SZ","昆仑万维",11,3,31.7197,54.2666
"415","300419.SZ","浩丰科技",-19,-16,0.9243,32.9975
"416","300420.SZ","五洋停车",-5,-7,2.1853,35.6502
"417","300421.SZ","力星股份",-12,-11,4.2006,20.254
"418","300422.SZ","博 世 科",2,-8,3.2318,78.2406
"419","300423.SZ","鲁 亿 通",4,-4,-4.4559,55.8193
"420","300424.SZ","航新科技",-8,-10,13.0559,58.8496
"421","300425.SZ","中建环能",-5,-7,12.625,44.541
"422","300426.SZ","唐德影视",-66,-15,-171.138,94.0363
"423","300427.SZ","红相股份",-4,-6,17.8387,51.0668
"424","300428.SZ","四通新材",-2,-5,9.4166,43.8124
"425","300429.SZ","强力新材",-6,-5,21.5952,17.3309
"426","300430.SZ","诚 益 通",-10,-10,16.7568,26.4554
"428","300432.SZ","富临精工",15,-6,19.1798,35.2748
"429","300433.SZ","蓝思科技",-2,-6,23.9628,52.2896
"430","300434.SZ","金石亚药",-11,-9,18.5428,14.1292
"431","300435.SZ","中泰股份",-10,-9,12.6273,26.7328
"432","300436.SZ","广 生 堂",-13,-12,8.1926,35.736
"433","300437.SZ","清 水 源",-7,-7,6.5559,59.1138
"434","300438.SZ","鹏辉能源",-8,-10,5.7816,53.5915
"435","300439.SZ","美康生物",-50,-25,19.1856,62.8875
"436","300440.SZ","运达科技",-4,-7,19.3762,32.4273
"437","300441.SZ","鲍斯股份",-25,-16,14.0419,43.1102
"438","300442.SZ","普 丽 盛",-13,-12,-12.3868,52.9082
"439","300443.SZ","金雷股份",-4,-3,27.8912,13.3263
"440","300444.SZ","双杰电气",-70,-41,18.3652,73.6605
"441","300445.SZ","康 斯 特",-1,0,23.8064,9.8074
"442","300446.SZ","乐凯新材",2,3,32.1567,6.5554
"443","300447.SZ","全信股份",-3,-7,14.0851,26.1057
"444","300448.SZ","浩云科技",-3,-3,15.1331,16.1294
"445","300449.SZ","汉邦高科",-58,-37,-1.7854,46.7636
"446","300450.SZ","先导智能",5,-4,11.5581,54.9827
"447","300451.SZ","创业慧康",-2,-3,5.4168,26.8629
"448","300452.SZ","山河药辅",2,0,17.1257,26.364
"449","300453.SZ","三鑫医疗",-5,-6,23.19,37.3288
"450","300454.SZ","深 信 服",5,-3,24.9454,36.1977
"451","300455.SZ","康拓红外",-2,-3,7.6271,36.7719
"452","300456.SZ","赛微电子",-9,-10,26.3335,19.2974
"453","300457.SZ","赢合科技",-10,-9,7.5242,43.9955
"454","300458.SZ","全志科技",-9,-11,24.9379,14.3421
"455","300459.SZ","金科文化",-68,-38,56.8891,53.4126
"456","300460.SZ","惠伦晶体",-38,-30,1.6995,35.0602
"457","300461.SZ","田中精机",-159,-42,5.1392,93.7547
"458","300462.SZ","华铭智能",10,2,20.9114,49.9217
"459","300463.SZ","迈克生物",3,1,14.2576,39.4629
"460","300464.SZ","星徽精密",-2,-8,4.379,46.8446
"461","300465.SZ","高 伟 达",-4,-7,9.7121,43.8437
"462","300466.SZ","赛摩智能",-35,-28,9.6709,32.6771
"463","300467.SZ","迅游科技",-87,-66,36.165,31.9984
"464","300468.SZ","四方精创",-6,-6,22.6956,7.9318
"465","300469.SZ","信息发展",-55,-26,-4.0036,72.3328
"466","300470.SZ","中密控股",3,2,13.7788,23.3476
"467","300471.SZ","厚普股份",-13,-13,34.9678,30.2612
"468","300472.SZ","新元科技",-9,-8,13.3442,29.0932
"469","300473.SZ","德尔股份",-12,-9,6.1916,53.9916
"470","300474.SZ","景 嘉 微",-7,-8,16.3824,9.2148
"471","300475.SZ","聚隆科技",-10,-10,16.7481,11.3391
"472","300476.SZ","胜宏科技",0,-5,18.9957,52.437
"473","300477.SZ","合纵科技",-12,-11,11.0273,56.6145
"474","300478.SZ","杭州高新",-87,-43,-6.4485,64.8779
"475","300479.SZ","神思电子",-12,-9,2.9968,27.7256
"476","300480.SZ","光力科技",-7,-6,19.4991,16.3954
"477","300481.SZ","濮阳惠成",3,3,20.6116,11.0484
"478","300482.SZ","万孚生物",4,4,14.9523,16.4216
"479","300483.SZ","沃施股份",-11,-8,44.2801,40.9437
"480","300484.SZ","蓝海华腾",-39,-32,-13.6275,35.9733
"481","300485.SZ","赛升药业",-9,-8,14.4867,3.3597
"482","300486.SZ","东杰智能",-8,-9,1.6998,40.5493
"483","300487.SZ","蓝晓科技",8,0,-4.6442,43.1857
"484","300488.SZ","恒锋工具",-2,-1,30.6779,14.5108
"485","300489.SZ","中飞股份",-42,-31,26.3377,28.1058
"486","300490.SZ","华自科技",-10,-10,2.9272,42.658
"487","300491.SZ","通合科技",-9,-9,-3.5638,21.343
"488","300492.SZ","华图山鼎",-8,-8,14.5234,21.282
"489","300493.SZ","润欣科技",-11,-11,18.597,23.3228
"490","300494.SZ","盛天网络",-10,-10,12.5223,29.8293
"491","300495.SZ","美尚生态",-9,-10,-13.3456,55.2138
"492","300496.SZ","中科创达",-1,-4,7.7845,30.4067
"493","300497.SZ","富祥药业",8,2,24.9556,41.1548
"494","300498.SZ","温氏股份",20,11,25.023,28.8977
"495","300499.SZ","高澜股份",-7,-10,6.4151,56.8444
"496","300500.SZ","启迪设计",-3,-5,10.794,39.6669
"497","300501.SZ","海顺新材",-5,-7,15.4385,38.263
"498","300502.SZ","新 易 盛",2,2,9.3981,20.2494
"499","300503.SZ","昊志机电",-33,-24,-9.3082,48.5876
"500","300504.SZ","天邑股份",-9,-10,6.5194,27.7671
"501","300505.SZ","川 金 诺",-6,-7,10.8473,35.9419
"502","300506.SZ","名 家 汇",-7,-8,3.7018,47.6763
"503","300507.SZ","苏奥传感",-8,-5,6.6029,15.8297
"504","300508.SZ","维宏股份",-2,-1,19.61,11.6144
"505","300509.SZ","新 美 星",-8,-10,1.5014,53.3706
"506","300510.SZ","金冠股份",-48,-40,6.7673,24.2073
"507","300511.SZ","雪榕生物",-2,-7,29.8756,54.7131
"508","300512.SZ","中亚股份",-7,-8,-7.1901,26.7932
"509","300513.SZ","恒实科技",-8,-8,4.472,31.4101
"510","300514.SZ","友 讯 达",-5,-8,16.2667,50.1303
"511","300515.SZ","三德科技",-6,-6,27.0205,22.4079
"512","300516.SZ","久 之 洋",-10,-9,15.538,11.7603
"513","300517.SZ","海波重科",-11,-12,17.5123,48.6276
"514","300518.SZ","盛 讯 达",-40,-26,62.5186,46.0396
"515","300519.SZ","新光药业",-3,-2,33.7381,7.1325
"516","300520.SZ","科大国创",-7,-9,5.9661,41.1901
"517","300521.SZ","爱 司 凯",-14,-13,5.4473,10.56
"518","300522.SZ","世名科技",-4,-3,13.5422,8.9088
"519","300523.SZ","辰安科技",-6,-6,-2.8796,37.0663
"520","300525.SZ","博思软件",-3,-4,12.7883,27.3907
"521","300526.SZ","中潜股份",-10,-9,5.5435,46.073
"522","300527.SZ","中船应急",-7,-8,34.2617,43.1948
"523","300528.SZ","幸福蓝海",-15,-14,12.1207,48.1645
"524","300529.SZ","健帆生物",15,15,40.752,12.9928
"525","300530.SZ","达志科技",-9,-8,-10.1003,7.9189
"526","300531.SZ","优 博 讯",-10,-10,22.0731,32.9801
"527","300532.SZ","今天国际",-9,-11,15.5474,55.2124
"528","300533.SZ","冰川网络",-5,-6,20.8551,11.9529
"529","300534.SZ","陇神戎发",-13,-11,11.8026,8.7962
"530","300535.SZ","达威股份",-10,-9,7.8178,14.6007
"531","300536.SZ","农尚环境",-6,-10,41.3616,56.4199
"532","300537.SZ","广信材料",-9,-9,-3.5378,31.2384
"533","300538.SZ","同益股份",-6,-6,1.4101,49.0998
"534","300539.SZ","横河模具",-13,-11,5.9197,51.0973
"535","300540.SZ","深冷股份",-14,-13,10.3125,39.9178
"536","300541.SZ","先进数通",-6,-8,-19.5729,54.2329
"537","300542.SZ","新晨科技",-6,-7,7.7211,36.1007
"538","300543.SZ","朗科智能",0,-4,14.5275,37.9633
"539","300545.SZ","联得装备",-3,-6,9.8536,50.5144
"540","300546.SZ","雄帝科技",0,-2,12.2977,22.9438
"541","300547.SZ","川环科技",-1,-1,8.1089,14.0898
"542","300548.SZ","博创科技",-14,-13,-1.3958,19.0474
"543","300549.SZ","优德精密",-11,-10,7.9141,31.8962
"544","300550.SZ","和仁科技",-8,-9,9.3922,33.8983
"545","300551.SZ","古鳌科技",-7,-8,14.2771,34.4911
"546","300552.SZ","万集科技",58,33,14.049,45.3581
"547","300553.SZ","集智股份",-9,-9,12.8085,10.7342
"548","300554.SZ","三超新材",-13,-13,29.2985,45.7547
"549","300555.SZ","路通视信",-14,-13,20.4109,18.4893
"550","300556.SZ","丝路视觉",-9,-11,4.8392,49.7864
"551","300557.SZ","理工光科",-13,-12,11.3102,40.2638
"552","300558.SZ","贝达药业",-5,-6,35.7208,40.2609
"553","300559.SZ","佳发教育",9,6,40.8044,18.9691
"554","300560.SZ","中 富 通",-5,-6,-2.9621,47.0519
"555","300561.SZ","汇金科技",-12,-12,26.6697,14.7318
"556","300562.SZ","乐心医疗",-9,-10,8.4826,42.1321
"557","300563.SZ","神宇股份",-4,-5,12.7515,25.2843
"558","300564.SZ","筑博设计",5,-2,17.0134,38.2708
"559","300565.SZ","科信技术",-27,-24,-5.4055,30.1365
"560","300566.SZ","激智科技",-5,-9,11.0226,65.0614
"561","300567.SZ","精测电子",6,-4,-5.9047,65.1069
"562","300568.SZ","星源材质",-8,-10,24.5534,53.5499
"563","300569.SZ","天能重工",-1,-5,-6.7312,63.6581
"564","300570.SZ","太 辰 光",-2,-2,31.4494,11.6391
"565","300571.SZ","平治信息",16,5,-4.6066,57.8918
"566","300572.SZ","安车检测",10,2,23.4009,42.3994
"567","300573.SZ","兴齐眼药",-9,-9,13.6572,32.5522
"568","300575.SZ","中旗股份",-3,-6,16.2499,42.4131
"569","300576.SZ","容大感光",-7,-7,3.1449,34.6423
"570","300577.SZ","开润股份",16,3,5.2748,54.2989
"571","300578.SZ","会畅通讯",-2,-2,19.79,20.0404
"572","300579.SZ","数字认证",0,-5,9.4202,48.2392
"573","300580.SZ","贝 斯 特",-3,-3,21.9864,18.0188
"574","300581.SZ","晨曦航空",-7,-7,-15.5536,18.2984
"575","300582.SZ","英 飞 特",-4,-6,13.9947,38.7845
"576","300583.SZ","赛托生物",-12,-11,5.9657,36.8398
"577","300584.SZ","海辰药业",1,0,10.5217,24.7584
"578","300585.SZ","奥联电子",-11,-11,10.6191,36.6369
"579","300586.SZ","美联新材",-1,-5,13.6497,49.7545
"580","300587.SZ","天铁股份",-2,-3,-8.1505,48.2157
"581","300588.SZ","熙菱信息",-13,-13,17.764,55.3113
"582","300589.SZ","江龙船艇",-5,-9,-3.229,55.2723
"583","300590.SZ","移为通信",2,1,17.6601,15.3168
"584","300591.SZ","万 里 马",-10,-10,4.5005,52.5272
"585","300592.SZ","华凯创意",-13,-12,18.3055,54.3272
"586","300593.SZ","新 雷 能",-5,-7,8.6655,41.8559
"587","300594.SZ","朗进科技",-1,-3,-19.3759,27.5376
"588","300595.SZ","欧普康视",11,9,42.5667,10.4714
"589","300596.SZ","利 安 隆",3,-2,8.3897,38.4785
"590","300597.SZ","吉大通信",-10,-10,4.5579,26.4562
"591","300598.SZ","诚迈科技",16,9,-2.9844,24.3104
"592","300599.SZ","雄塑科技",1,1,12.0031,19.5924
"593","300600.SZ","瑞特股份",-7,-7,-31.0912,44.8737
"594","300601.SZ","康泰生物",10,4,26.0224,30.3151
"595","300602.SZ","飞 荣 达",11,1,12.1133,50.7309
"596","300603.SZ","立昂技术",-6,-8,14.5605,35.1901
"597","300604.SZ","长川科技",-13,-14,-10.7538,24.5719
"598","300605.SZ","恒锋信息",-3,-6,-6.3418,37.1982
"599","300606.SZ","金 太 阳",-4,-2,14.9723,17.7966
"600","300607.SZ","拓 斯 达",-1,-3,7.3599,37.1912
"601","300608.SZ","思 特 奇",-3,-6,10.0196,51.6246
"602","300609.SZ","汇纳科技",-3,-3,20.9186,17.5536
"603","300610.SZ","晨化股份",-3,-3,12.8948,14.1571
"604","300611.SZ","美力科技",-12,-11,10.9192,43.2475
"605","300612.SZ","宣亚国际",-12,-12,11.2351,25.357
"606","300613.SZ","富 瀚 微",-7,-9,9.7563,11.1695
"607","300615.SZ","欣天科技",-11,-11,13.0452,12.4048
"608","300616.SZ","尚品宅配",1,-3,8.5238,42.4983
"609","300617.SZ","安靠智电",-7,-6,11.3918,21.1358
"610","300618.SZ","寒锐钴业",-14,-14,11.5766,49.2649
"611","300619.SZ","金 银 河",-6,-8,6.9657,55.7315
"612","300620.SZ","光库科技",-5,-7,18.99,25.5606
"613","300621.SZ","维业股份",-5,-9,3.3718,63.7015
"614","300622.SZ","博士眼镜",-3,-1,14.9722,14.468
"615","300623.SZ","捷捷微电",-4,-4,29.5847,8.4828
"616","300624.SZ","万兴科技",-2,-4,17.5194,22.4371
"617","300625.SZ","三雄极光",-4,-4,12.374,26.7984
"618","300626.SZ","华瑞股份",-10,-11,17.7638,45.5847
"619","300627.SZ","华测导航",0,-3,14.3054,36.3185
"620","300628.SZ","亿联网络",16,18,43.8873,8.9367
"621","300629.SZ","新 劲 刚",-20,-17,15.9796,40.0046
"622","300630.SZ","普利制药",15,10,22.6687,33.3874
"623","300631.SZ","久吾高科",-6,-7,12.0879,45.9049
"624","300632.SZ","光莆股份",9,3,22.2125,37.0948
"625","300633.SZ","开立医疗",-8,-8,15.1846,41.8374
"626","300634.SZ","彩讯股份",-5,-5,29.7619,18.0621
"627","300635.SZ","中 达 安",-6,-6,15.0407,45.3363
"628","300636.SZ","同和药业",-8,-8,-6.8446,30.4617
"629","300637.SZ","扬帆新材",-1,-2,11.5878,29.5314
"630","300638.SZ","广 和 通",4,-2,11.6525,36.5517
"631","300639.SZ","凯普生物",-1,-2,15.4693,8.6608
"632","300640.SZ","德艺文创",-1,-1,8.8609,18.1106
"633","300641.SZ","正丹股份",-12,-11,-7.9458,21.5637
"634","300642.SZ","透景生命",-1,1,39.6063,6.245
"635","300643.SZ","万通智控",-10,-11,14.7566,52.632
"636","300644.SZ","南京聚隆",-11,-11,3.3478,32.34
"637","300645.SZ","正元智慧",-8,-9,-6.8597,47.1732
"638","300647.SZ","超 频 三",-13,-11,4.8074,50.3763
"639","300648.SZ","星云股份",-14,-14,-22.7246,41.7627
"640","300649.SZ","杭州园林",2,-4,2.969,58.018
"641","300650.SZ","太龙照明",-5,-6,12.4009,34.4416
"642","300651.SZ","金陵体育",-9,-8,15.1638,24.6788
"643","300652.SZ","雷 迪 克",-7,-8,23.348,47.1221
"644","300653.SZ","正海生物",4,5,36.9817,18.3308
"645","300654.SZ","世纪天鸿",-8,-8,21.3836,33.4735
"646","300655.SZ","晶瑞股份",-9,-9,13.5456,52.0017
"647","300656.SZ","民德电子",-7,-7,16.8155,21.9411
"648","300657.SZ","弘信电子",3,-5,3.0311,57.274
"649","300658.SZ","延江股份",-5,-5,7.1498,44.5234
"650","300659.SZ","中孚信息",9,6,13.9572,22.8381
"651","300660.SZ","江苏雷利",-5,-6,12.5755,27.5186
"652","300661.SZ","圣邦股份",3,1,18.2355,19.5654
"653","300662.SZ","科锐国际",4,1,3.4372,41.2807
"654","300663.SZ","科蓝软件",-8,-9,-2.5302,48.5659
"655","300664.SZ","鹏鹞环保",-6,-6,-3.1256,42.7536
"656","300665.SZ","飞鹿股份",-10,-10,20.4121,54.8283
"657","300666.SZ","江丰电子",-5,-8,11.4706,52.9051
"658","300667.SZ","必创科技",-10,-11,15.9297,40.0112
"659","300668.SZ","杰恩设计",4,4,7.3809,14.5732
"660","300669.SZ","沪宁股份",-4,-2,14.8012,10.5555
"661","300670.SZ","大烨智能",-10,-11,15.1853,26.1578
"662","300671.SZ","富满电子",-9,-9,-6.1182,42.8729
"663","300672.SZ","国 科 微",-9,-9,41.9312,40.4753
"664","300673.SZ","佩蒂股份",-10,-9,-5.5354,24.1963
"665","300674.SZ","宇信科技",1,-5,6.8077,51.9884
"666","300675.SZ","建 科 院",-7,-9,13.5721,53.6911
"667","300676.SZ","华大基因",-8,-8,8.0079,25.5212
"668","300677.SZ","英科医疗",-2,-6,15.8282,49.8071
"669","300678.SZ","中科信息",-9,-9,-1.3643,31.0111
"670","300679.SZ","电连技术",-10,-10,1.9365,16.3246
"671","300680.SZ","隆盛科技",-9,-9,16.0155,40.9544
"672","300681.SZ","英 搏 尔",-28,-23,62.7097,40.3703
"673","300682.SZ","朗新科技",19,13,18.8602,19.9959
"674","300683.SZ","海特生物",-11,-11,10.1631,18.8534
"675","300684.SZ","中石科技",2,1,21.8139,23.2747
"676","300685.SZ","艾德生物",1,2,26.1993,13.8205
"677","300686.SZ","智 动 力",4,0,8.5287,53.659
"678","300687.SZ","赛意信息",-7,-9,4.096,25.8264
"679","300688.SZ","创业黑马",-11,-11,16.2087,19.4364
"680","300689.SZ","澄天伟业",-7,-6,15.9866,14.4373
"681","300690.SZ","双一科技",1,1,7.005,20.2902
"682","300691.SZ","联合光电",-7,-9,3.6249,44.7359
"683","300692.SZ","中环环保",-3,-9,-22.3711,61.448
"684","300693.SZ","盛弘股份",-5,-7,17.5967,38.4804
"685","300694.SZ","蠡湖股份",-6,-7,7.1315,39.5059
"686","300695.SZ","兆丰股份",-3,-4,27.12,15.462
"687","300696.SZ","爱 乐 达",-5,-3,56.3175,8.9808
"688","300697.SZ","电工合金",1,0,8.5522,31.613
"689","300698.SZ","万马科技",-14,-11,1.8405,43.2147
"690","300699.SZ","光威复材",2,2,43.917,20.0134
"691","300700.SZ","岱勒新材",-24,-18,-13.7201,53.4962
"692","300701.SZ","森霸传感",1,3,41.5947,6.9953
"693","300702.SZ","天宇股份",19,11,20.2709,28.2756
"694","300703.SZ","创源文化",2,-1,13.7521,36.2208
"695","300705.SZ","九典制药",-8,-8,9.8198,28.9365
"696","300706.SZ","阿 石 创",-12,-10,3.723,37.8635
"697","300707.SZ","威唐工业",-9,-9,14.3784,25.353
"698","300708.SZ","聚灿光电",-14,-13,33.9217,72.8893
"699","300709.SZ","精研科技",-2,-4,26.6225,34.7313
"700","300710.SZ","万隆光电",-13,-11,31.7678,27.459
"701","300711.SZ","广哈通信",-12,-13,16.6048,22.2391
"702","300712.SZ","永福股份",-7,-9,-42.2356,57.6749
"703","300713.SZ","英 可 瑞",-18,-18,19.7373,26.1793
"704","300715.SZ","凯伦股份",3,-2,-3.9888,48.3489
"705","300716.SZ","国立科技",-12,-11,1.9283,51.2909
"706","300717.SZ","华信新材",-6,-5,22.1009,10.9133
"707","300718.SZ","长盛轴承",-4,-2,30.1782,9.619
"708","300719.SZ","安达维尔",-7,-7,-0.8732,24.0211
"709","300720.SZ","海川智能",-6,-4,28.1419,7.5689
"710","300721.SZ","怡达股份",-14,-13,2.8029,48.2561
"711","300722.SZ","新余国科",-6,-5,16.9295,14.5309
"712","300723.SZ","一 品 红",-4,-3,17.1399,25.3063
"713","300724.SZ","捷佳伟创",1,-6,-10.0614,57.4808
"714","300725.SZ","药石科技",8,5,19.1844,28.0106
"715","300726.SZ","宏达电子",3,6,9.7824,8.9644
"716","300727.SZ","润禾材料",-6,-6,16.5343,21.6001
"717","300729.SZ","乐歌股份",-7,-9,13.2214,47.1149
"718","300730.SZ","科创信息",-6,-8,-3.8138,32.2768
"719","300731.SZ","科创新源",-6,-6,24.6186,20.8824
"720","300732.SZ","设 研 院",-2,-6,18.5054,45.1374
"721","300733.SZ","西菱动力",-13,-12,7.2393,25.6143
"722","300735.SZ","光弘科技",7,6,24.8167,18.5709
"723","300736.SZ","百邦科技",-43,-36,-14.9304,21.9064
"724","300737.SZ","科顺股份",-3,-6,3.7556,47.4658
"725","300738.SZ","奥飞数据",2,-4,15.4569,57.7907
"726","300739.SZ","明阳电路",-5,-5,19.1644,26.6174
"727","300740.SZ","御 家 汇",-13,-13,-8.6685,34.0236
"728","300741.SZ","华宝股份",0,0,59.3749,5.894
"729","300742.SZ","越博动力",-133,-51,-108.6251,82.4085
"730","300743.SZ","天地数码",-8,-8,5.2113,24.9026
"731","300745.SZ","欣锐科技",-13,-12,-8.2751,28.4896
"732","300746.SZ","汉嘉设计",-6,-8,9.3762,48.6535
"733","300747.SZ","锐科激光",0,0,-2.8778,20.6948
"734","300748.SZ","金力永磁",-2,-5,2.5246,52.9276
"735","300749.SZ","顶固集创",-5,-6,6.7495,33.5217
"736","300750.SZ","宁德时代",-2,-8,29.4224,58.3749
"737","300751.SZ","迈为股份",5,-6,-5.8534,66.1601
"738","300752.SZ","隆利科技",-4,-8,3.7682,57.3054
"739","300753.SZ","爱朋医疗",1,1,20.4376,10.9234
"740","300755.SZ","华致酒行",2,-2,2.8935,38.1824
"741","300756.SZ","中山金马",-4,-7,6.4188,37.928
"742","300757.SZ","罗博特科",4,-4,-7.8949,47.7242
"743","300758.SZ","七彩化学",-2,-3,7.0019,21.9313
"744","300759.SZ","康龙化成",-4,-4,24.9813,21.1073
"745","300760.SZ","迈瑞医疗",13,7,28.5202,27.374
"746","300761.SZ","立华股份",21,14,27.2518,20.328
"747","300762.SZ","上海瀚讯",-2,-5,-1.0802,26.8222
"748","300763.SZ","锦浪科技",6,0,12.5945,32.3376
"749","300765.SZ","新 诺 威",1,2,25.1002,15.3228
"750","300766.SZ","每日互动",-7,-10,-2.0111,7.0146
"751","300767.SZ","震安科技",-3,-3,-13.7779,12.6112
"752","300768.SZ","迪普科技",3,-1,39.9164,20.557
"753","300769.SZ","德方纳米",-1,-5,27.3905,42.1844
"754","300770.SZ","新媒股份",12,6,46.4111,19.4723
"755","300771.SZ","智莱科技",11,10,20.5948,14.9746
"756","300772.SZ","运达股份",-6,-13,28.6589,86.7981
"757","300773.SZ","拉 卡 拉",5,-3,22.7161,55.1479
"758","300775.SZ","三角防务",-3,-3,22.6823,21.7655
"759","300776.SZ","帝尔激光",19,8,14.277,34.0166
"760","300777.SZ","中简科技",2,1,48.3682,18.6369
"761","300778.SZ","新 城 市",2,-1,21.4281,24.0048
"762","300779.SZ","惠城环保",-6,-7,16.6984,29.5923
"763","300780.SZ","德恩精工",-6,-5,8.2581,16.2984
"764","300781.SZ","因赛集团",-4,-3,5.8427,12.124
"765","300782.SZ","卓 胜 微",31,31,3.6776,11.7323
"766","300783.SZ","三只松鼠",1,-6,-3.2365,60.8545
"767","300785.SZ","值 得 买",7,3,19.6435,27.7667
"768","300786.SZ","国林科技",-3,-3,16.8917,21.1154
"769","300787.SZ","海能实业",0,-3,12.6227,25.9314
"770","300788.SZ","中信出版",4,-3,16.5855,37.0619
"771","300789.SZ","唐源电气",2,0,-40.3774,18.6176
"772","300790.SZ","宇瞳光学",-4,-6,24.1096,43.8511
"773","300791.SZ","仙乐健康",-5,-5,14.6626,17.5499
"774","300792.SZ","壹网壹创",11,15,10.1255,10.0943
"775","300793.SZ","佳禾智能",-1,-5,3.3684,40.7103
"776","300795.SZ","米奥会展",1,2,13.9097,8.3631
"777","300796.SZ","贝 斯 美",-7,-6,9.1434,15.801
"778","300797.SZ","钢研纳克",-3,-5,12.4845,27.865
"779","300798.SZ","锦鸡股份",-6,-6,4.4878,19.0312
"780","300799.SZ","左江科技",6,6,-47.8201,14.1531
"781","300800.SZ","力合科技",6,4,34.9349,18.4857
"782","300801.SZ","泰和科技",-1,0,14.134,10.8389
"783","300802.SZ","矩子科技",-2,-2,17.2874,11.8554
"784","300803.SZ","指 南 针",-1,-4,7.7383,27.691
"785","300805.SZ","电声股份",2,0,6.1468,35.0607
"786","300806.SZ","斯 迪 克",-2,-6,6.7943,48.3064
"787","300807.SZ","天迈科技",0,-3,3.2251,27.0947
"788","300808.SZ","久量股份",-5,-5,3.03,28.1474
"789","300809.SZ","华辰装备",0,-1,35.6061,17.0991
"790","300810.SZ","中科海讯",-4,-3,4.1323,9.1078
"791","300811.SZ","铂科新材",0,0,11.9926,16.2532
"792","300812.SZ","易天股份",3,-2,15.2794,34.6699
"793","300813.SZ","泰林生物",1,1,16.0501,14.1641
"794","300815.SZ","玉 禾 田",22,5,15.7183,59.3497
"795","300816.SZ","艾 可 蓝",27,10,13.867,48.1645
"796","300817.SZ","双飞股份",-1,-1,14.7738,20.8351
"797","300818.SZ","耐普矿机",0,0,10.3869,15.5485
"798","300819.SZ","聚杰微纤",-1,-1,14.7501,24.1393
"799","300820.SZ","英杰电气",8,3,18.2512,30.9264
"800","300821.SZ","东岳硅材",13,7,18.7732,15.6237
"801","300822.SZ","贝仕达克",22,16,25.9106,26.3239
"802","300823.SZ","建科机械",2,-2,19.6329,39.0915
"803","300824.SZ","北鼎股份",7,4,14.9615,22.483
"804","300825.SZ","阿 尔 特",0,-5,6.7907,29.0917
"805","300826.SZ","测绘股份",2,-5,10.1267,52.7546
"806","300827.SZ","上能电气",7,-6,10.6082,70.545
"807","300828.SZ","锐新科技",2,1,3.6178,31.6845
"808","300829.SZ","金丹科技",5,-2,17.7305,44.2275
"809","300830.SZ","金 现 代",-1,-1,-1.8237,9.6871
"810","300831.SZ","派瑞股份",-1,-2,35.5081,24.1687
"811","300832.SZ","新 产 业",13,15,49.4608,9.2235
"812","300833.SZ","浩洋股份",19,19,19.8744,12.7181
"813","300835.SZ","龙磁科技",3,0,10.2282,35.2784
"814","300836.SZ","佰奥智能",9,2,-2.6843,34.8143
"815","300837.SZ","浙矿股份",10,6,27.8306,29.8203
"816","300838.SZ","浙江力诺",4,0,8.3537,37.5481
"817","300839.SZ","博汇股份",4,-3,9.0845,61.4991
"818","300841.SZ","康华生物",25,24,32.9458,16.613
"819","300842.SZ","帝科股份",4,-3,4.9612,54.5104
"820","300846.SZ","Ｎ 首 都",-4,-4,14.0327,19.605
"821","688001.SH","华兴源创",-2,-3,-8.529,11.1934
"822","688002.SH","睿创微纳",-3,-3,23.2435,7.9275
"823","688003.SH","天准科技",-7,-9,-1.762,13.8871
"824","688004.SH","博汇科技",3,0,14.5476,32.1302
"825","688005.SH","容百科技",-13,-12,2.8036,26.1843
"826","688006.SH","杭可科技",4,-4,10.3346,41.9199
"827","688007.SH","光峰科技",-1,-2,12.2781,31.4662
"828","688008.SH","澜起科技",2,1,50.0055,5.7967
"829","688009.SH","中国通号",-4,-8,8.0952,56.1855
"830","688010.SH","福光股份",-8,-7,3.2698,12.1802
"831","688011.SH","新光光电",-7,-6,4.8557,6.0148
"832","688012.SH","中微公司",-9,-9,6.8451,21.425
"833","688015.SH","交控科技",2,-9,26.0482,69.195
"834","688016.SH","心脉医疗",7,8,42.9095,7.7649
"835","688018.SH","乐鑫科技",2,3,13.5083,6.6795
"836","688019.SH","安集科技",-4,-5,29.6703,10.4549
"837","688020.SH","方邦股份",-2,1,44.5455,1.9829
"838","688021.SH","奥福环保",-6,-6,7.4454,22.1884
"839","688022.SH","瀚川智能",-1,-4,-2.4345,23.4244
"840","688023.SH","安恒信息",-6,-8,22.9352,28.626
"841","688025.SH","杰 普 特",-9,-9,3.228,13.5679
"842","688026.SH","洁特生物",6,7,24.6545,12.3964
"843","688028.SH","沃 尔 德",-5,-4,32.5071,4.9806
"844","688029.SH","南微医学",5,4,19.3113,12.0741
"845","688030.SH","山石网科",-5,-6,2.3426,15.139
"846","688033.SH","天宜上佳",0,1,36.1633,8.3699
"847","688036.SH","传音控股",14,1,15.9415,53.4219
"848","688037.SH","芯 源 微",-9,-9,5.7399,18.9256
"849","688039.SH","当虹科技",-5,-6,-1.6274,7.6689
"850","688051.SH","佳华科技",20,2,4.1286,46.7475
"851","688058.SH","宝 兰 德",-4,-2,12.7736,2.2587
"852","688066.SH","航天宏图",-5,-6,-23.4216,21.0255
"853","688068.SH","热景生物",-7,-6,9.2069,10.5246
"854","688078.SH","龙软科技",-1,0,24.4211,9.1611
"855","688080.SH","映 翰 通",3,2,10.3778,18.275
"856","688081.SH","兴图新科",-4,-3,18.848,15.4307
"857","688085.SH","三友医疗",10,10,17.4197,20.6114
"858","688086.SH","紫晶存储",2,-2,7.1865,40.4591
"859","688088.SH","虹软科技",-3,-3,37.0156,9.0709
"860","688089.SH","嘉 必 优",-2,1,42.3522,3.7182
"861","688090.SH","瑞松科技",-2,-8,13.8495,58.2641
"862","688096.SH","京源环保",4,1,11.5315,35.6913
"863","688098.SH","申联生物",-8,-7,21.2021,11.4899
"864","688099.SH","晶晨股份",-7,-8,14.4466,15.6768
"865","688100.SH","威胜信息",0,-3,18.2836,36.0099
"866","688101.SH","三 达 膜",-3,-4,31.8483,24.5452
"867","688106.SH","金宏气体",8,0,34.4678,44.4019
"868","688108.SH","赛诺医疗",-5,-4,31.5671,8.884
"869","688111.SH","金山办公",-4,-4,37.0803,11.3298
"870","688116.SH","天奈科技",-5,-4,29.419,8.4798
"871","688118.SH","普元信息",-7,-7,-0.26,11.5422
"872","688122.SH","西部超导",-8,-9,-7.5724,45.5479
"873","688123.SH","聚辰股份",-4,-3,14.3704,6.1862
"874","688126.SH","沪硅产业",-17,-14,59.4101,48.0647
"875","688128.SH","中国电研",1,-5,16.1986,39.0927
"876","688138.SH","清溢光电",-7,-6,21.4083,15.4294
"877","688139.SH","海尔生物",-5,-7,27.7019,19.1145
"878","688157.SH","松井股份",11,7,15.9332,29.7675
"879","688158.SH","优 刻 得",-14,-14,21.2155,20.9447
"880","688159.SH","有方科技",-3,-6,-0.2604,48.122
"881","688166.SH","博瑞医药",-4,-4,12.1898,7.6135
"882","688168.SH","安 博 通",-3,-2,9.2228,6.0365
"883","688169.SH","石头科技",57,43,17.9665,24.3846
"884","688177.SH","百 奥 泰",-158,-115,-85425.095,37.8254
"885","688178.SH","万 德 斯",10,2,4.118,43.7936
"886","688181.SH","八亿时空",-4,-3,23.0581,10.3518
"887","688186.SH","广大特材",0,-6,-1.5014,58.6162
"888","688188.SH","柏楚电子",5,7,63.791,3.1723
"889","688189.SH","南新制药",17,3,3.2102,56.3627
"890","688196.SH","卓越新能",1,1,13.8252,2.711
"891","688198.SH","佰仁医疗",-2,1,43.7438,2.9668
"892","688199.SH","久日新材",-1,1,11.5294,10.2642
"893","688200.SH","华峰测控",16,16,23.4283,13.285
"894","688202.SH","美 迪 西",-5,-5,12.9729,11.3205
"895","688208.SH","道通科技",15,10,19.1619,22.6925
"896","688218.SH","江苏北人",-6,-8,-7.614,32.7219
"897","688222.SH","成都先导",12,8,63.6838,19.4508
"898","688228.SH","开 普 云",24,13,16.4032,38.6121
"899","688233.SH","神工股份",7,10,59.8481,6.2247
"900","688258.SH","卓易信息",-8,-7,25.1992,9.3214
"902","688268.SH","华特气体",-7,-6,8.7844,15.8445
"903","688278.SH","特宝生物",-3,-1,16.8983,28.6483
"904","688288.SH","鸿泉物联",-2,-3,19.8604,12.1047
"905","688298.SH","东方生物",21,12,14.7565,29.7044
"906","688299.SH","长阳科技",-2,-3,14.36,21.5719
"907","688300.SH","联瑞新材",-3,-2,25.5553,12.4621
"908","688310.SH","迈得医疗",-5,-4,6.7456,12.1183
"909","688312.SH","燕麦科技",5,6,49.8694,7.5799
"910","688318.SH","财富趋势",4,3,72.7996,10.075
"911","688321.SH","微芯生物",-13,-13,-14.1272,14.4905
"912","688333.SH","铂 力 特",-5,-7,13.6581,27.2569
"913","688357.SH","建龙微纳",1,-2,10.2482,24.6869
"914","688358.SH","祥生医疗",0,0,21.5892,9.2759
"915","688360.SH","德马科技",4,-3,11.6031,51.0447
"916","688363.SH","华熙生物",4,6,19.3518,8.4902
"917","688365.SH","光云科技",-1,-1,22.337,12.9495
"918","688366.SH","昊海生科",-7,-7,21.748,8.1035
"919","688368.SH","晶丰明源",-2,-4,7.8573,17.4633
"920","688369.SH","致远互联",-2,-6,13.7942,26.9773
"921","688388.SH","嘉元科技",5,8,32.6498,4.1515
"922","688389.SH","普门科技",-3,-3,21.7263,10.9668
"923","688396.SH","华 润 微",-7,-9,10.0315,36.695
"924","688398.SH","赛特新材",10,4,14.9006,37.7939
"925","688399.SH","硕世生物",-3,-2,36.9532,11.5711
"926","688466.SH","金科环境",10,0,17.8675,53.7814
"927","688505.SH","复旦张江",9,3,26.157,40.3672
"928","688516.SH","奥 特 维",3,-6,2.9876,67.2757
"929","688518.SH","联赢激光",-5,-8,10.2923,45.1461
"930","688520.SH","神州细胞",-11424,-132,-18386.9524,95.6936
"931","688528.SH","Ｎ 秦 川",1,-2,21.7596,38.4754
"932","688555.SH","泽达易盛",8,7,31.8765,17.8991
"933","688558.SH","国盛智科",0,-1,15.5436,23.4524
"934","688566.SH","吉 贝 尔",13,10,21.2801,21.0131
"935","688588.SH","凌志软件",9,6,22.8906,13.8235
"936","688598.SH","金博股份",17,16,-2.565,19.8629
"937","688599.SH","天合光能",-10,-11,22.4221,65.2014
